pdb_id,chain,ligand,lectin,sugar,n_HB,n_aromatic_proximity,n_ch_pi_geometry,n_water_bridges,n_metal,aromatic_residues,ch_pi_residues
1A3K,B,NAG1,Galectin-3,LacNAc,5,0,0,2,0,,
1A3K,B,GAL2,Galectin-3,LacNAc,7,2,2,2,0,HIS158; TRP181,HIS158; TRP181
1CVN,E,MAN1,ConA,trimannose,3,0,0,1,0,,
1CVN,E,MAN2,ConA,trimannose,6,0,0,0,0,,
1CVN,E,MAN3,ConA,trimannose,8,1,1,1,0,TYR12,TYR12
1CVN,F,MAN1,ConA,trimannose,3,0,0,1,0,,
1CVN,F,MAN2,ConA,trimannose,6,0,0,0,0,,
1CVN,F,MAN3,ConA,trimannose,10,1,1,1,0,TYR12,TYR12
1CVN,G,MAN1,ConA,trimannose,1,0,0,2,0,,
1CVN,G,MAN2,ConA,trimannose,6,0,0,0,0,,
1CVN,G,MAN3,ConA,trimannose,9,1,1,0,0,TYR12,TYR12
1CVN,H,MAN1,ConA,trimannose,2,0,0,1,0,,
1CVN,H,MAN2,ConA,trimannose,6,0,0,0,0,,
1CVN,H,MAN3,ConA,trimannose,7,1,1,1,0,TYR12,TYR12
1LZB,B,NAG1,Lysozyme,chitobiose,5,1,1,4,0,TRP108,TRP108
1LZB,B,NAG2,Lysozyme,chitobiose,1,1,1,1,0,TRP62,TRP62
1LZB,B,NAG3,Lysozyme,chitobiose,3,0,0,1,0,,
2PEL,E,GAL2,PNA,galactose,9,1,1,2,0,TYR125,TYR125
2PEL,F,GAL2,PNA,galactose,9,1,1,2,0,TYR125,TYR125
2PEL,G,GAL2,PNA,galactose,8,1,1,1,0,TYR125,TYR125
2PEL,H,GAL2,PNA,galactose,9,1,1,2,0,TYR125,TYR125
2UVO,A,NAG1174,WGA,GlcNAc,5,2,2,1,0,TYR66; TYR73,TYR66; TYR73
2UVO,A,NAG1176,WGA,GlcNAc,5,1,1,2,0,TYR159,TYR159
2UVO,B,NAG1173,WGA,GlcNAc,2,2,2,1,0,TYR23; TYR30,TYR23; TYR30
2UVO,B,NAG1175,WGA,GlcNAc,5,2,2,1,0,TYR66; TYR73,TYR66; TYR73
2UVO,B,NAG1178,WGA,GlcNAc,5,1,1,2,0,TYR159,TYR159
2UVO,E,NAG1173,WGA,GlcNAc,5,2,2,1,0,TYR66; TYR73,TYR66; TYR73
2UVO,F,NAG1174,WGA,GlcNAc,2,2,2,0,0,TYR23; TYR30,TYR23; TYR30
2UVO,F,NAG1175,WGA,GlcNAc,5,2,2,1,0,TYR66; TYR73,TYR66; TYR73
2UVO,F,NAG1177,WGA,GlcNAc,7,1,1,2,0,TYR159,TYR159
5CNA,A,MMA238,ConA,MeαMan,10,1,1,1,0,TYR12,TYR12
5CNA,B,MMA238,ConA,MeαMan,10,1,1,2,0,TYR12,TYR12
5CNA,C,MMA238,ConA,MeαMan,12,1,1,0,0,TYR12,TYR12
5CNA,D,MMA238,ConA,MeαMan,10,1,1,0,0,TYR12,TYR12